Workbook

Sheet data
A1: 실확정일자 | B1: 배송처차수 | C1: 상품코드 | D1: Order Line | E1: PCS | F1: 주문키 | G1: 웨이브
A2: 20250115 | B2: 10000 301 | C2: GD000SKU | D2: 1 | E2: 15 | F2: =B2 -> 10000 301 | G2: =ROUNDUP(MATCH(F2,keys!$A$1:$A$50,0)/16,0) -> 1
A3: 20250115 | B3: 10000 302 | C3: GD000SKU | D3: 1 | E3: 1 | F3: =B3 -> 10000 302 | G3: =ROUNDUP(MATCH(F3,keys!$A$1:$A$50,0)/16,0) -> 1
A4: 20250115 | B4: 9000 301 | C4: GD000SKU | D4: 1 | E4: 30 | F4: =B4 -> 9000 301 | G4: =ROUNDUP(MATCH(F4,keys!$A$1:$A$50,0)/16,0) -> 3
A5: 20250115 | B5: A10 301 | C5: GD001SKU | D5: 2 | E5: 31 | F5: =B5 -> A10 301 | G5: =ROUNDUP(MATCH(F5,keys!$A$1:$A$50,0)/16,0) -> 3
A6: 20250115 | B6: A2 301 | C6: GD001SKU | D6: 1 | E6: 14 | F6: =B6 -> A2 301 | G6: =ROUNDUP(MATCH(F6,keys!$A$1:$A$50,0)/16,0) -> 4
A7: 20250115 | B7: A1 301 | C7: GD002SKU | D7: 1 | E7: 15 | F7: =B7 -> A1 301 | G7: =ROUNDUP(MATCH(F7,keys!$A$1:$A$50,0)/16,0) -> 3
A8: 20250115 | B8: A1 301 | C8: GD002SKU | D8: 1 | E8: 15 | F8: =B8 -> A1 301 | G8: =ROUNDUP(MATCH(F8,keys!$A$1:$A$50,0)/16,0) -> 3
A9: 20250115 | B9: B100 301 | C9: GD003SKU | D9: 1 | E9: 1 | F9: =B9 -> B100 301 | G9: =ROUNDUP(MATCH(F9,keys!$A$1:$A$50,0)/16,0) -> 4
A10: 20250115 | B10: 14247 301 | C10: GD000SKU | D10: 1 | E10: 1 | F10: =B10 -> 14247 301 | G10: =ROUNDUP(MATCH(F10,keys!$A$1:$A$50,0)/16,0) -> 1
A11: 20250115 | B11: 14247 301 | C11: GD001SKU | D11: 1 | E11: 1 | F11: =B11 -> 14247 301 | G11: =ROUNDUP(MATCH(F11,keys!$A$1:$A$50,0)/16,0) -> 1
A12: 20250115 | B12: 14247 301 | C12: GD000SKU | D12: 1 | E12: 2 | F12: =B12 -> 14247 301 | G12: =ROUNDUP(MATCH(F12,keys!$A$1:$A$50,0)/16,0) -> 1
A13: 20250115 | B13: 14250 301 | C13: GD007SKU | D13: 1 | E13: 6 | F13: =B13 -> 14250 301 | G13: =ROUNDUP(MATCH(F13,keys!$A$1:$A$50,0)/16,0) -> 1
... A68: 20250115 | B68: 19003 301 | C68: GD014SKU | D68: 1 | E68: 7 | F68: =B68 -> 19003 301 | G68: =ROUNDUP(MATCH(F68,keys!$A$1:$A$50,0)/16,0) -> 3

Sheet keys
A1: 10000 301
A2: 10000 302
A3: 14247 301
A4: 14250 301
A5: 14251 301
A6: 14300 301
A7: 15001 301
A8: 15002 301
A9: 15003 301
A10: 15010 301
A11: 15011 301
A12: 15012 301
... A50: B100 301

Sheet pivot
A1: 웨이브 | B1: 상품코드 | C1: PCS합 | D1: 토트
A2: 1 | B2: GD000SKU | C2: =SUMIFS(data!$E$2:$E$68,data!$G$2:$G$68,A2,data!$C$2:$C$68,B2) -> 19 | D2: =ROUNDUP(C2/15,0) -> 2
A3: 1 | B3: GD001SKU | C3: =SUMIFS(data!$E$2:$E$68,data!$G$2:$G$68,A3,data!$C$2:$C$68,B3) -> 17 | D3: =ROUNDUP(C3/15,0) -> 2
A4: 1 | B4: GD002SKU | C4: =SUMIFS(data!$E$2:$E$68,data!$G$2:$G$68,A4,data!$C$2:$C$68,B4) -> 14 | D4: =ROUNDUP(C4/15,0) -> 1
A5: 1 | B5: GD003SKU | C5: =SUMIFS(data!$E$2:$E$68,data!$G$2:$G$68,A5,data!$C$2:$C$68,B5) -> 14 | D5: =ROUNDUP(C5/15,0) -> 1
A6: 1 | B6: GD004SKU | C6: =SUMIFS(data!$E$2:$E$68,data!$G$2:$G$68,A6,data!$C$2:$C$68,B6) -> 10 | D6: =ROUNDUP(C6/15,0) -> 1
A7: 1 | B7: GD005SKU | C7: =SUMIFS(data!$E$2:$E$68,data!$G$2:$G$68,A7,data!$C$2:$C$68,B7) -> 5 | D7: =ROUNDUP(C7/15,0) -> 1
A8: 1 | B8: GD007SKU | C8: =SUMIFS(data!$E$2:$E$68,data!$G$2:$G$68,A8,data!$C$2:$C$68,B8) -> 6 | D8: =ROUNDUP(C8/15,0) -> 1
A9: 1 | B9: GD008SKU | C9: =SUMIFS(data!$E$2:$E$68,data!$G$2:$G$68,A9,data!$C$2:$C$68,B9) -> 4 | D9: =ROUNDUP(C9/15,0) -> 1
A10: 1 | B10: GD009SKU | C10: =SUMIFS(data!$E$2:$E$68,data!$G$2:$G$68,A10,data!$C$2:$C$68,B10) -> 15 | D10: =ROUNDUP(C10/15,0) -> 1
A11: 1 | B11: GD010SKU | C11: =SUMIFS(data!$E$2:$E$68,data!$G$2:$G$68,A11,data!$C$2:$C$68,B11) -> 17 | D11: =ROUNDUP(C11/15,0) -> 2
A12: 1 | B12: GD011SKU | C12: =SUMIFS(data!$E$2:$E$68,data!$G$2:$G$68,A12,data!$C$2:$C$68,B12) -> 15 | D12: =ROUNDUP(C12/15,0) -> 1
A13: 1 | B13: GD014SKU | C13: =SUMIFS(data!$E$2:$E$68,data!$G$2:$G$68,A13,data!$C$2:$C$68,B13) -> 11 | D13: =ROUNDUP(C13/15,0) -> 1
... A50: 4 | B50: GD003SKU | C50: =SUMIFS(data!$E$2:$E$68,data!$G$2:$G$68,A50,data!$C$2:$C$68,B50) -> 1 | D50: =ROUNDUP(C50/15,0) -> 1

Sheet summary
A1: order | B1: =COUNTA(keys!A1:A50) -> 50
A2: sku | B2: =SUMPRODUCT(1/COUNTIF(data!C2:C68,data!C2:C68)) -> 20
A3: order_line | B3: =SUM(data!D2:D68) -> 68
A4: pcs | B4: =SUM(data!E2:E68) -> 587
A5: waves | B5: =MAX(data!G2:G68) -> 4
A6: tote | B6: =SUM(pivot!D2:D50) -> 62
A7: pivot_pcs | B7: =SUM(pivot!C2:C50) -> 587
A8: ol_per_tote | B8: =B3/B6 -> 1.0967742
A9: pcs_per_tote | B9: =B4/B6 -> 9.4677419
A10: ol_per_order | B10: =B3/B1 -> 1.36
A11: pcs_per_order | B11: =B4/B1 -> 11.74
A12: pcs_per_ol | B12: =B4/B3 -> 8.6323529
A13: ol_per_sku | B13: =B3/B2 -> 3.4
A14: tote_per_h | B14: =ROUNDUP(B6/10,0) -> 7
A15: pcs_per_h | B15: =B4/10 -> 58.7
